TestNo,TestName
1,triangle.Triangle_ESTest[test11]
2,triangle.Triangle_ESTest[test10]
3,triangle.Triangle_ESTest[test20]
4,triangle.Triangle_ESTest[test05]
5,triangle.Triangle_ESTest[test16]
6,triangle.Triangle_ESTest[test04]
7,triangle.Triangle_ESTest[test15]
8,triangle.Triangle_ESTest[test03]
9,triangle.Triangle_ESTest[test14]
10,triangle.Triangle_ESTest[test02]
11,triangle.Triangle_ESTest[test19]
12,triangle.Triangle_ESTest[test07]
13,triangle.Triangle_ESTest[test18]
14,triangle.Triangle_ESTest[test06]
15,triangle.Triangle_ESTest[test00]
16,triangle.Triangle_ESTest[test22]
17,triangle.Triangle_ESTest[test21]
18,triangle.Triangle_ESTest[test13]
19,triangle.Triangle_ESTest[test17]
20,triangle.Triangle_ESTest[test12]
21,triangle.Triangle_ESTest[test09]
22,triangle.Triangle_ESTest[test08]
23,triangle.Triangle_ESTest[test01]
